{"_wandb":{"runtime":133},"_runtime":133.049407843,"num_params":6921218,"_timestamp":1.7607372813285105e+09,"_step":0}