{"_step":1,"train/q_halt_loss":0.006715297698974609,"train/exact_accuracy":0,"_timestamp":1.7607387063037896e+09,"train/lr":5.0000000000000004e-08,"num_params":6921218,"train/q_halt_accuracy":0,"train/count":0,"_wandb":{"runtime":6},"train/steps":0,"train/accuracy":0,"train/lm_loss":5.374647296295555,"_runtime":6.952680965}