{"_timestamp":1.7607370762576141e+09,"_wandb":{"runtime":8},"_runtime":8.7467689,"_step":0,"num_params":6921218}